<?xml version="1.0"?>
<!DOCTYPE Configure PUBLIC "-//Jetty//Configure//EN" "http://www.eclipse.org/jetty/configure_9_0.dtd">

<!-- ============================================================= -->
<!-- Configure a TLS (SSL) Context Factory                         -->
<!-- This configuration must be used in conjunction with jetty.xml -->
<!-- and either jetty-https.xml or jetty-spdy.xml (but not both)   -->
<!-- ============================================================= -->
<Configure id="sslContextFactory" class="org.eclipse.jetty.util.ssl.SslContextFactory">
  <Set name="KeyStorePath"><Property name="cert.dir" default="/usr/local/osmosix/" />cert/keystore</Set>
  <Set name="KeyStorePassword">OBF:1ink1k8q1wfq1xtr1wg81k5g1iku</Set>
  <!--Set name="KeyStorePath"><Property name="jetty.home" default="." />/<Property name="jetty.keystore" default="etc/keystore"/></Set>
  <Set name="KeyStorePassword"><Property name="jetty.keystore.password" default="cliqr12"/></Set>
  <Set name="KeyManagerPassword"><Property name="jetty.keymanager.password" default="cliqr12"/></Set>
  <Set name="TrustStorePath"><Property name="jetty.home" default="." />/<Property name="jetty.truststore" default="etc/keystore"/></Set>
  <Set name="TrustStorePassword"><Property name="jetty.truststore.password" default="cliqr12"/></Set-->
  <Set name="EndpointIdentificationAlgorithm"></Set>
  <Set name="ExcludeCipherSuites">
    <Array type="String">
      <Item>SSL_RSA_WITH_DES_CBC_SHA</Item>
      <Item>SSL_DHE_RSA_WITH_DES_CBC_SHA</Item>
      <Item>SSL_DHE_DSS_WITH_DES_CBC_SHA</Item>
      <Item>SSL_RSA_EXPORT_WITH_RC4_40_MD5</Item>
      <Item>SSL_RSA_EXPORT_WITH_DES40_CBC_SHA</Item>
      <Item>SSL_DHE_RSA_EXPORT_WITH_DES40_CBC_SHA</Item>
      <Item>SSL_DHE_DSS_EXPORT_WITH_DES40_CBC_SHA</Item>
    </Array>
  </Set>

  <!-- =========================================================== -->
  <!-- Create a TLS specific HttpConfiguration based on the        -->
  <!-- common HttpConfiguration defined in jetty.xml               -->
  <!-- Add a SecureRequestCustomizer to extract certificate and    -->
  <!-- session information                                         -->
  <!-- =========================================================== -->
  <New id="sslHttpConfig" class="org.eclipse.jetty.server.HttpConfiguration">
    <Arg><Ref refid="httpConfig"/></Arg>
    <Call name="addCustomizer">
      <Arg><New class="org.eclipse.jetty.server.SecureRequestCustomizer"/></Arg>
    </Call>
  </New>

</Configure>
